fetch_time,observation_window,data_updated,latitude,longitude,strike_type,description,strike_time
2025-06-08 11:18:08,2025-06-07T23:40:00+08:00,2025-06-07T23:42:03+08:00,1.1588,103.539,C,Cloud to Cloud,2025-06-07T23:38:41.146+08:00
2025-06-08 11:18:08,2025-06-07T23:38:00+08:00,2025-06-07T23:40:04+08:00,0.9746,103.4417,C,Cloud to Cloud,2025-06-07T23:36:45.868+08:00
2025-06-08 11:18:08,2025-06-07T23:38:00+08:00,2025-06-07T23:40:04+08:00,0.9569,103.432,C,Cloud to Cloud,2025-06-07T23:36:50.836+08:00
2025-06-08 11:18:08,2025-06-07T23:38:00+08:00,2025-06-07T23:40:04+08:00,1.0185,103.364,C,Cloud to Cloud,2025-06-07T23:37:34.31+08:00
2025-06-08 11:18:08,2025-06-07T23:38:00+08:00,2025-06-07T23:40:04+08:00,1.0482,103.4122,C,Cloud to Cloud,2025-06-07T23:37:34.31+08:00
2025-06-08 11:18:08,2025-06-07T23:38:00+08:00,2025-06-07T23:40:04+08:00,1.0554,103.4433,C,Cloud to Cloud,2025-06-07T23:37:34.31+08:00
2025-06-08 11:18:08,2025-06-07T23:38:00+08:00,2025-06-07T23:40:04+08:00,1.0165,103.343,C,Cloud to Cloud,2025-06-07T23:37:34.387+08:00
2025-06-08 11:18:08,2025-06-07T23:38:00+08:00,2025-06-07T23:40:04+08:00,1.0382,103.3785,C,Cloud to Cloud,2025-06-07T23:37:34.387+08:00
2025-06-08 11:18:08,2025-06-07T23:38:00+08:00,2025-06-07T23:40:04+08:00,0.9564,103.4256,C,Cloud to Cloud,2025-06-07T23:37:50.085+08:00
2025-06-08 11:18:08,2025-06-07T23:38:00+08:00,2025-06-07T23:40:04+08:00,0.9556,103.419,C,Cloud to Cloud,2025-06-07T23:37:50.085+08:00
2025-06-08 11:18:08,2025-06-07T23:22:00+08:00,2025-06-07T23:24:02+08:00,1.058,103.4426,C,Cloud to Cloud,2025-06-07T23:20:39.471+08:00
2025-06-08 11:18:08,2025-06-07T23:14:00+08:00,2025-06-07T23:16:02+08:00,1.052,103.3727,C,Cloud to Cloud,2025-06-07T23:12:39.538+08:00
2025-06-08 11:18:09,2025-06-07T23:08:00+08:00,2025-06-07T23:10:04+08:00,1.0636,103.4438,C,Cloud to Cloud,2025-06-07T23:06:53.191+08:00
2025-06-08 11:18:09,2025-06-07T23:06:00+08:00,2025-06-07T23:08:02+08:00,1.0797,103.454,C,Cloud to Cloud,2025-06-07T23:05:08.814+08:00
2025-06-08 11:18:09,2025-06-07T23:06:00+08:00,2025-06-07T23:08:02+08:00,1.0797,103.454,C,Cloud to Cloud,2025-06-07T23:05:08.814+08:00
2025-06-08 11:18:09,2025-06-07T23:06:00+08:00,2025-06-07T23:08:02+08:00,1.0558,103.4197,C,Cloud to Cloud,2025-06-07T23:05:35.918+08:00
2025-06-08 11:18:09,2025-06-07T22:28:00+08:00,2025-06-07T22:30:03+08:00,0.9536,103.4054,C,Cloud to Cloud,2025-06-07T22:26:53.906+08:00
2025-06-08 11:18:09,2025-06-07T22:12:00+08:00,2025-06-07T22:14:02+08:00,0.9504,103.4106,C,Cloud to Cloud,2025-06-07T22:11:23.621+08:00
2025-06-08 11:18:13,2025-06-07T18:18:00+08:00,2025-06-07T18:20:03+08:00,1.0413,103.5299,C,Cloud to Cloud,2025-06-07T18:17:44.634+08:00
2025-06-08 11:18:13,2025-06-07T18:16:00+08:00,2025-06-07T18:18:02+08:00,1.0083,103.5169,C,Cloud to Cloud,2025-06-07T18:15:06+08:00
2025-06-08 11:18:13,2025-06-07T18:16:00+08:00,2025-06-07T18:18:02+08:00,1.0434,103.5269,C,Cloud to Cloud,2025-06-07T18:15:06+08:00
2025-06-08 11:18:13,2025-06-07T18:16:00+08:00,2025-06-07T18:18:02+08:00,1.035,103.5291,C,Cloud to Cloud,2025-06-07T18:15:06+08:00
2025-06-08 11:18:13,2025-06-07T18:16:00+08:00,2025-06-07T18:18:02+08:00,1.0231,103.4961,C,Cloud to Cloud,2025-06-07T18:15:06+08:00
2025-06-08 11:18:13,2025-06-07T18:16:00+08:00,2025-06-07T18:18:02+08:00,1.0503,103.5372,C,Cloud to Cloud,2025-06-07T18:15:06.002+08:00
2025-06-08 11:18:13,2025-06-07T18:16:00+08:00,2025-06-07T18:18:02+08:00,1.0452,103.5296,C,Cloud to Cloud,2025-06-07T18:15:06.002+08:00
2025-06-08 11:18:13,2025-06-07T18:16:00+08:00,2025-06-07T18:18:02+08:00,1.0418,103.5238,C,Cloud to Cloud,2025-06-07T18:15:06.002+08:00
2025-06-08 11:18:13,2025-06-07T18:10:00+08:00,2025-06-07T18:12:02+08:00,1.0704,103.5676,C,Cloud to Cloud,2025-06-07T18:09:02.061+08:00
2025-06-08 11:18:14,2025-06-07T18:08:00+08:00,2025-06-07T18:10:03+08:00,1.0656,103.5748,C,Cloud to Cloud,2025-06-07T18:06:54.026+08:00
2025-06-08 11:18:14,2025-06-07T18:08:00+08:00,2025-06-07T18:10:03+08:00,1.0072,103.4952,C,Cloud to Cloud,2025-06-07T18:07:59.521+08:00
2025-06-08 11:18:14,2025-06-07T18:08:00+08:00,2025-06-07T18:10:03+08:00,1.0396,103.523,C,Cloud to Cloud,2025-06-07T18:07:59.737+08:00
2025-06-08 11:18:14,2025-06-07T18:08:00+08:00,2025-06-07T18:10:03+08:00,1.0458,103.5258,C,Cloud to Cloud,2025-06-07T18:07:59.737+08:00
2025-06-08 11:18:14,2025-06-07T18:08:00+08:00,2025-06-07T18:10:03+08:00,1.0355,103.5292,C,Cloud to Cloud,2025-06-07T18:07:59.748+08:00
2025-06-08 11:18:14,2025-06-07T18:08:00+08:00,2025-06-07T18:10:03+08:00,1.0546,103.5428,C,Cloud to Cloud,2025-06-07T18:07:59.748+08:00
2025-06-08 11:18:14,2025-06-07T18:08:00+08:00,2025-06-07T18:10:03+08:00,1.0539,103.5505,C,Cloud to Cloud,2025-06-07T18:07:59.748+08:00
2025-06-08 11:18:14,2025-06-07T18:08:00+08:00,2025-06-07T18:10:03+08:00,1.0517,103.558,C,Cloud to Cloud,2025-06-07T18:07:59.829+08:00
2025-06-08 11:18:14,2025-06-07T18:08:00+08:00,2025-06-07T18:10:03+08:00,1.0728,103.5823,C,Cloud to Cloud,2025-06-07T18:07:59.829+08:00
2025-06-08 11:18:14,2025-06-07T18:06:00+08:00,2025-06-07T18:08:02+08:00,1.0548,103.548,C,Cloud to Cloud,2025-06-07T18:05:01.178+08:00
2025-06-08 11:18:14,2025-06-07T18:06:00+08:00,2025-06-07T18:08:02+08:00,1.0261,103.5025,C,Cloud to Cloud,2025-06-07T18:05:01.34+08:00
2025-06-08 11:18:14,2025-06-07T18:06:00+08:00,2025-06-07T18:08:02+08:00,1.0109,103.5357,G,Cloud to Ground,2025-06-07T18:05:01.461+08:00
2025-06-08 11:18:14,2025-06-07T18:06:00+08:00,2025-06-07T18:08:02+08:00,1.0173,103.5321,C,Cloud to Cloud,2025-06-07T18:05:01.461+08:00
2025-06-08 11:18:14,2025-06-07T18:06:00+08:00,2025-06-07T18:08:02+08:00,1.0468,103.5791,C,Cloud to Cloud,2025-06-07T18:05:01.461+08:00
2025-06-08 11:18:14,2025-06-07T18:04:00+08:00,2025-06-07T18:06:02+08:00,1.0014,103.492,C,Cloud to Cloud,2025-06-07T18:03:05.179+08:00
2025-06-08 11:18:14,2025-06-07T18:04:00+08:00,2025-06-07T18:06:02+08:00,1.0049,103.496,C,Cloud to Cloud,2025-06-07T18:03:05.179+08:00
2025-06-08 11:18:14,2025-06-07T18:04:00+08:00,2025-06-07T18:06:02+08:00,0.9866,103.4805,C,Cloud to Cloud,2025-06-07T18:03:05.179+08:00
2025-06-08 11:18:14,2025-06-07T18:04:00+08:00,2025-06-07T18:06:02+08:00,1.028,103.5069,C,Cloud to Cloud,2025-06-07T18:03:05.368+08:00
2025-06-08 11:18:14,2025-06-07T18:04:00+08:00,2025-06-07T18:06:02+08:00,1.0066,103.4698,C,Cloud to Cloud,2025-06-07T18:03:05.368+08:00
2025-06-08 11:18:14,2025-06-07T18:04:00+08:00,2025-06-07T18:06:02+08:00,1.0236,103.4989,C,Cloud to Cloud,2025-06-07T18:03:05.368+08:00
2025-06-08 11:18:14,2025-06-07T18:04:00+08:00,2025-06-07T18:06:02+08:00,1.0841,103.5552,C,Cloud to Cloud,2025-06-07T18:03:05.368+08:00
2025-06-08 11:18:14,2025-06-07T18:04:00+08:00,2025-06-07T18:06:02+08:00,1.0758,103.5556,C,Cloud to Cloud,2025-06-07T18:03:05.368+08:00
2025-06-08 11:18:14,2025-06-07T18:02:00+08:00,2025-06-07T18:04:03+08:00,0.9947,103.5206,C,Cloud to Cloud,2025-06-07T18:01:00.388+08:00
2025-06-08 11:18:14,2025-06-07T18:02:00+08:00,2025-06-07T18:04:03+08:00,1.1187,103.5903,C,Cloud to Cloud,2025-06-07T18:01:00.389+08:00
2025-06-08 11:18:14,2025-06-07T18:02:00+08:00,2025-06-07T18:04:03+08:00,0.9972,103.5131,C,Cloud to Cloud,2025-06-07T18:01:00.399+08:00
2025-06-08 11:18:14,2025-06-07T18:02:00+08:00,2025-06-07T18:04:03+08:00,1.0444,103.5476,C,Cloud to Cloud,2025-06-07T18:01:00.425+08:00
2025-06-08 11:18:14,2025-06-07T18:02:00+08:00,2025-06-07T18:04:03+08:00,1.0073,103.5126,C,Cloud to Cloud,2025-06-07T18:01:00.579+08:00
2025-06-08 11:18:14,2025-06-07T18:02:00+08:00,2025-06-07T18:04:03+08:00,1.0645,103.5836,C,Cloud to Cloud,2025-06-07T18:01:00.579+08:00
2025-06-08 11:18:14,2025-06-07T18:02:00+08:00,2025-06-07T18:04:03+08:00,1.0375,103.565,C,Cloud to Cloud,2025-06-07T18:01:00.579+08:00
2025-06-08 11:18:14,2025-06-07T18:02:00+08:00,2025-06-07T18:04:03+08:00,1.0496,103.5239,C,Cloud to Cloud,2025-06-07T18:01:00.787+08:00
2025-06-08 11:18:14,2025-06-07T18:02:00+08:00,2025-06-07T18:04:03+08:00,0.9898,103.4759,C,Cloud to Cloud,2025-06-07T18:01:00.787+08:00
2025-06-08 11:18:14,2025-06-07T18:02:00+08:00,2025-06-07T18:04:03+08:00,1.0141,103.5017,C,Cloud to Cloud,2025-06-07T18:01:00.787+08:00
2025-06-08 11:18:14,2025-06-07T18:02:00+08:00,2025-06-07T18:04:03+08:00,1.0364,103.5019,C,Cloud to Cloud,2025-06-07T18:01:00.787+08:00
2025-06-08 11:18:14,2025-06-07T18:02:00+08:00,2025-06-07T18:04:03+08:00,1.0606,103.5733,C,Cloud to Cloud,2025-06-07T18:01:00.787+08:00
2025-06-08 11:18:14,2025-06-07T18:02:00+08:00,2025-06-07T18:04:03+08:00,0.9914,103.475,C,Cloud to Cloud,2025-06-07T18:01:00.787+08:00
2025-06-08 11:18:14,2025-06-07T18:00:00+08:00,2025-06-07T18:02:02+08:00,1.0444,103.5371,C,Cloud to Cloud,2025-06-07T17:59:10.642+08:00
2025-06-08 11:18:14,2025-06-07T18:00:00+08:00,2025-06-07T18:02:02+08:00,1.0376,103.5362,C,Cloud to Cloud,2025-06-07T17:59:10.644+08:00
2025-06-08 11:18:14,2025-06-07T18:00:00+08:00,2025-06-07T18:02:02+08:00,1.0659,103.5423,C,Cloud to Cloud,2025-06-07T17:59:10.898+08:00
2025-06-08 11:18:14,2025-06-07T18:00:00+08:00,2025-06-07T18:02:02+08:00,1.1007,103.5631,C,Cloud to Cloud,2025-06-07T17:59:10.898+08:00
2025-06-08 11:18:14,2025-06-07T18:00:00+08:00,2025-06-07T18:02:02+08:00,0.9667,103.4906,C,Cloud to Cloud,2025-06-07T17:59:10.939+08:00
2025-06-08 11:18:14,2025-06-07T18:00:00+08:00,2025-06-07T18:02:02+08:00,0.9955,103.5012,C,Cloud to Cloud,2025-06-07T17:59:10.939+08:00
2025-06-08 11:18:14,2025-06-07T18:00:00+08:00,2025-06-07T18:02:02+08:00,1.0514,103.4711,G,Cloud to Ground,2025-06-07T17:59:59.184+08:00
2025-06-08 11:18:14,2025-06-07T18:00:00+08:00,2025-06-07T18:02:02+08:00,1.0649,103.4899,C,Cloud to Cloud,2025-06-07T17:59:59.184+08:00
2025-06-08 11:18:14,2025-06-07T18:00:00+08:00,2025-06-07T18:02:02+08:00,1.0156,103.497,C,Cloud to Cloud,2025-06-07T17:59:59.184+08:00
2025-06-08 11:18:14,2025-06-07T18:00:00+08:00,2025-06-07T18:02:02+08:00,1.0153,103.4991,C,Cloud to Cloud,2025-06-07T17:59:59.185+08:00
2025-06-08 11:18:14,2025-06-07T18:00:00+08:00,2025-06-07T18:02:02+08:00,1.0008,103.4902,C,Cloud to Cloud,2025-06-07T17:59:59.273+08:00
2025-06-08 11:18:14,2025-06-07T18:00:00+08:00,2025-06-07T18:02:02+08:00,1.0421,103.563,C,Cloud to Cloud,2025-06-07T17:59:59.273+08:00
2025-06-08 11:18:14,2025-06-07T18:00:00+08:00,2025-06-07T18:02:02+08:00,1.0643,103.555,C,Cloud to Cloud,2025-06-07T17:59:59.273+08:00
2025-06-08 11:18:14,2025-06-07T18:00:00+08:00,2025-06-07T18:02:02+08:00,1.0176,103.5028,C,Cloud to Cloud,2025-06-07T17:59:59.273+08:00
2025-06-08 11:18:14,2025-06-07T18:00:00+08:00,2025-06-07T18:02:02+08:00,0.9924,103.4447,C,Cloud to Cloud,2025-06-07T17:59:59.273+08:00
2025-06-08 11:18:14,2025-06-07T18:00:00+08:00,2025-06-07T18:02:02+08:00,0.9933,103.4401,C,Cloud to Cloud,2025-06-07T17:59:59.273+08:00
2025-06-08 11:18:14,2025-06-07T18:00:00+08:00,2025-06-07T18:02:02+08:00,1.0615,103.5058,C,Cloud to Cloud,2025-06-07T17:59:59.273+08:00
2025-06-08 11:18:14,2025-06-07T18:00:00+08:00,2025-06-07T18:02:02+08:00,1.0555,103.4725,G,Cloud to Ground,2025-06-07T17:59:59.276+08:00
2025-06-08 11:18:14,2025-06-07T17:58:00+08:00,2025-06-07T18:00:03+08:00,1.0243,103.5159,C,Cloud to Cloud,2025-06-07T17:56:28.795+08:00
2025-06-08 11:18:14,2025-06-07T17:58:00+08:00,2025-06-07T18:00:03+08:00,1.0346,103.5174,C,Cloud to Cloud,2025-06-07T17:56:28.847+08:00
2025-06-08 11:18:14,2025-06-07T17:58:00+08:00,2025-06-07T18:00:03+08:00,0.979,103.4651,C,Cloud to Cloud,2025-06-07T17:56:28.847+08:00
2025-06-08 11:18:14,2025-06-07T17:58:00+08:00,2025-06-07T18:00:03+08:00,1.0399,103.5236,C,Cloud to Cloud,2025-06-07T17:56:28.867+08:00
2025-06-08 11:18:14,2025-06-07T17:58:00+08:00,2025-06-07T18:00:03+08:00,1.0264,103.5056,G,Cloud to Ground,2025-06-07T17:56:28.867+08:00
2025-06-08 11:18:14,2025-06-07T17:58:00+08:00,2025-06-07T18:00:03+08:00,1.0582,103.5392,C,Cloud to Cloud,2025-06-07T17:56:28.867+08:00
2025-06-08 11:18:14,2025-06-07T17:58:00+08:00,2025-06-07T18:00:03+08:00,1.0212,103.5044,C,Cloud to Cloud,2025-06-07T17:56:28.867+08:00
2025-06-08 11:18:14,2025-06-07T17:58:00+08:00,2025-06-07T18:00:03+08:00,0.9894,103.4815,C,Cloud to Cloud,2025-06-07T17:56:28.867+08:00
2025-06-08 11:18:14,2025-06-07T17:58:00+08:00,2025-06-07T18:00:03+08:00,0.9845,103.4774,C,Cloud to Cloud,2025-06-07T17:56:28.867+08:00
2025-06-08 11:18:14,2025-06-07T17:58:00+08:00,2025-06-07T18:00:03+08:00,1.0049,103.4899,C,Cloud to Cloud,2025-06-07T17:56:28.868+08:00
2025-06-08 11:18:14,2025-06-07T17:58:00+08:00,2025-06-07T18:00:03+08:00,1.0241,103.5116,C,Cloud to Cloud,2025-06-07T17:56:28.868+08:00
2025-06-08 11:18:14,2025-06-07T17:58:00+08:00,2025-06-07T18:00:03+08:00,0.9928,103.5108,C,Cloud to Cloud,2025-06-07T17:56:28.868+08:00
2025-06-08 11:18:14,2025-06-07T17:58:00+08:00,2025-06-07T18:00:03+08:00,0.9981,103.4848,C,Cloud to Cloud,2025-06-07T17:56:28.934+08:00
2025-06-08 11:18:14,2025-06-07T17:58:00+08:00,2025-06-07T18:00:03+08:00,1.016,103.5038,C,Cloud to Cloud,2025-06-07T17:56:28.934+08:00
2025-06-08 11:18:14,2025-06-07T17:58:00+08:00,2025-06-07T18:00:03+08:00,1.0337,103.5206,C,Cloud to Cloud,2025-06-07T17:56:28.934+08:00
2025-06-08 11:18:14,2025-06-07T17:58:00+08:00,2025-06-07T18:00:03+08:00,1.0133,103.4961,C,Cloud to Cloud,2025-06-07T17:56:28.934+08:00
2025-06-08 11:18:14,2025-06-07T17:58:00+08:00,2025-06-07T18:00:03+08:00,1.0278,103.5023,C,Cloud to Cloud,2025-06-07T17:56:28.934+08:00
2025-06-08 11:18:14,2025-06-07T17:58:00+08:00,2025-06-07T18:00:03+08:00,1.0598,103.5563,C,Cloud to Cloud,2025-06-07T17:57:23.902+08:00
2025-06-08 11:18:14,2025-06-07T17:56:00+08:00,2025-06-07T17:58:02+08:00,0.974,103.478,C,Cloud to Cloud,2025-06-07T17:54:04.122+08:00
2025-06-08 11:18:14,2025-06-07T17:56:00+08:00,2025-06-07T17:58:02+08:00,0.974,103.478,C,Cloud to Cloud,2025-06-07T17:54:04.122+08:00
2025-06-08 11:18:14,2025-06-07T17:56:00+08:00,2025-06-07T17:58:02+08:00,0.9795,103.4843,C,Cloud to Cloud,2025-06-07T17:54:04.122+08:00
2025-06-08 11:18:14,2025-06-07T17:56:00+08:00,2025-06-07T17:58:02+08:00,1.0257,103.5096,C,Cloud to Cloud,2025-06-07T17:55:11.738+08:00
2025-06-08 11:18:14,2025-06-07T17:54:00+08:00,2025-06-07T17:56:02+08:00,0.9888,103.4822,C,Cloud to Cloud,2025-06-07T17:52:11.555+08:00
2025-06-08 11:18:14,2025-06-07T17:54:00+08:00,2025-06-07T17:56:02+08:00,1.0546,103.5281,C,Cloud to Cloud,2025-06-07T17:52:11.556+08:00
2025-06-08 11:18:14,2025-06-07T17:54:00+08:00,2025-06-07T17:56:02+08:00,1.0229,103.5289,C,Cloud to Cloud,2025-06-07T17:52:19.79+08:00
2025-06-08 11:18:14,2025-06-07T17:54:00+08:00,2025-06-07T17:56:02+08:00,1.0264,103.5351,C,Cloud to Cloud,2025-06-07T17:52:19.79+08:00
2025-06-08 11:18:14,2025-06-07T17:54:00+08:00,2025-06-07T17:56:02+08:00,1.0068,103.5099,C,Cloud to Cloud,2025-06-07T17:52:40.162+08:00
2025-06-08 11:18:14,2025-06-07T17:54:00+08:00,2025-06-07T17:56:02+08:00,1.022,103.5313,C,Cloud to Cloud,2025-06-07T17:52:59.498+08:00
2025-06-08 11:18:14,2025-06-07T17:54:00+08:00,2025-06-07T17:56:02+08:00,0.9942,103.4915,C,Cloud to Cloud,2025-06-07T17:52:59.785+08:00
2025-06-08 11:18:14,2025-06-07T17:54:00+08:00,2025-06-07T17:56:02+08:00,1.0265,103.5779,C,Cloud to Cloud,2025-06-07T17:52:59.853+08:00
2025-06-08 11:18:14,2025-06-07T17:54:00+08:00,2025-06-07T17:56:02+08:00,0.9771,103.5042,G,Cloud to Ground,2025-06-07T17:53:41.7+08:00
2025-06-08 11:18:14,2025-06-07T17:54:00+08:00,2025-06-07T17:56:02+08:00,1.0643,103.5983,C,Cloud to Cloud,2025-06-07T17:53:41.7+08:00
2025-06-08 11:18:14,2025-06-07T17:54:00+08:00,2025-06-07T17:56:02+08:00,0.9523,103.4964,G,Cloud to Ground,2025-06-07T17:53:41.736+08:00
2025-06-08 11:18:14,2025-06-07T17:54:00+08:00,2025-06-07T17:56:02+08:00,0.9963,103.5262,C,Cloud to Cloud,2025-06-07T17:53:41.8+08:00
2025-06-08 11:18:14,2025-06-07T17:54:00+08:00,2025-06-07T17:56:02+08:00,0.9584,103.4961,G,Cloud to Ground,2025-06-07T17:53:41.8+08:00
2025-06-08 11:18:14,2025-06-07T17:54:00+08:00,2025-06-07T17:56:02+08:00,1.0056,103.5289,C,Cloud to Cloud,2025-06-07T17:53:41.8+08:00
2025-06-08 11:18:14,2025-06-07T17:54:00+08:00,2025-06-07T17:56:02+08:00,0.9907,103.5185,C,Cloud to Cloud,2025-06-07T17:53:41.8+08:00
2025-06-08 11:18:14,2025-06-07T17:54:00+08:00,2025-06-07T17:56:02+08:00,1.0284,103.5568,C,Cloud to Cloud,2025-06-07T17:53:41.8+08:00
2025-06-08 11:18:14,2025-06-07T17:54:00+08:00,2025-06-07T17:56:02+08:00,0.9945,103.5025,C,Cloud to Cloud,2025-06-07T17:53:41.845+08:00
2025-06-08 11:18:14,2025-06-07T17:54:00+08:00,2025-06-07T17:56:02+08:00,1.03,103.556,C,Cloud to Cloud,2025-06-07T17:53:41.845+08:00
2025-06-08 11:18:14,2025-06-07T17:54:00+08:00,2025-06-07T17:56:02+08:00,0.9701,103.5065,C,Cloud to Cloud,2025-06-07T17:53:41.98+08:00
2025-06-08 11:18:14,2025-06-07T17:54:00+08:00,2025-06-07T17:56:02+08:00,0.9657,103.5033,C,Cloud to Cloud,2025-06-07T17:53:41.98+08:00
2025-06-08 11:18:14,2025-06-07T17:54:00+08:00,2025-06-07T17:56:02+08:00,1.0006,103.5177,C,Cloud to Cloud,2025-06-07T17:53:42.07+08:00
2025-06-08 11:18:14,2025-06-07T17:54:00+08:00,2025-06-07T17:56:02+08:00,1.0006,103.5177,C,Cloud to Cloud,2025-06-07T17:53:42.07+08:00
2025-06-08 11:18:14,2025-06-07T17:54:00+08:00,2025-06-07T17:56:02+08:00,1.0033,103.5272,C,Cloud to Cloud,2025-06-07T17:53:42.07+08:00
2025-06-08 11:18:14,2025-06-07T17:54:00+08:00,2025-06-07T17:56:02+08:00,0.9922,103.5118,C,Cloud to Cloud,2025-06-07T17:53:42.07+08:00
2025-06-08 11:18:14,2025-06-07T17:54:00+08:00,2025-06-07T17:56:02+08:00,1.0035,103.5319,C,Cloud to Cloud,2025-06-07T17:53:42.07+08:00
2025-06-08 11:18:14,2025-06-07T17:54:00+08:00,2025-06-07T17:56:02+08:00,0.955,103.4929,G,Cloud to Ground,2025-06-07T17:53:42.07+08:00
2025-06-08 11:18:14,2025-06-07T17:52:00+08:00,2025-06-07T17:54:02+08:00,0.975,103.4668,C,Cloud to Cloud,2025-06-07T17:50:11.892+08:00
2025-06-08 11:18:14,2025-06-07T17:52:00+08:00,2025-06-07T17:54:02+08:00,1.0018,103.5278,C,Cloud to Cloud,2025-06-07T17:50:12.004+08:00
2025-06-08 11:18:14,2025-06-07T17:52:00+08:00,2025-06-07T17:54:02+08:00,1.0068,103.5455,C,Cloud to Cloud,2025-06-07T17:50:12.004+08:00
2025-06-08 11:18:14,2025-06-07T17:52:00+08:00,2025-06-07T17:54:02+08:00,1.0086,103.5449,C,Cloud to Cloud,2025-06-07T17:50:12.004+08:00
2025-06-08 11:18:14,2025-06-07T17:52:00+08:00,2025-06-07T17:54:02+08:00,1.0353,103.5657,C,Cloud to Cloud,2025-06-07T17:50:12.045+08:00
2025-06-08 11:18:14,2025-06-07T17:52:00+08:00,2025-06-07T17:54:02+08:00,1.0351,103.5684,C,Cloud to Cloud,2025-06-07T17:50:12.045+08:00
2025-06-08 11:18:14,2025-06-07T17:52:00+08:00,2025-06-07T17:54:02+08:00,1.0041,103.5323,C,Cloud to Cloud,2025-06-07T17:50:12.098+08:00
2025-06-08 11:18:14,2025-06-07T17:52:00+08:00,2025-06-07T17:54:02+08:00,1.0035,103.5326,C,Cloud to Cloud,2025-06-07T17:50:12.098+08:00
2025-06-08 11:18:14,2025-06-07T17:52:00+08:00,2025-06-07T17:54:02+08:00,1.0082,103.5295,C,Cloud to Cloud,2025-06-07T17:50:12.099+08:00
2025-06-08 11:18:14,2025-06-07T17:52:00+08:00,2025-06-07T17:54:02+08:00,0.9675,103.5113,C,Cloud to Cloud,2025-06-07T17:50:24.236+08:00
2025-06-08 11:18:14,2025-06-07T17:52:00+08:00,2025-06-07T17:54:02+08:00,0.9675,103.5113,C,Cloud to Cloud,2025-06-07T17:50:24.236+08:00
2025-06-08 11:18:14,2025-06-07T17:52:00+08:00,2025-06-07T17:54:02+08:00,0.9736,103.5302,C,Cloud to Cloud,2025-06-07T17:50:24.236+08:00
2025-06-08 11:18:14,2025-06-07T17:52:00+08:00,2025-06-07T17:54:02+08:00,0.978,103.5348,C,Cloud to Cloud,2025-06-07T17:50:24.236+08:00
2025-06-08 11:18:14,2025-06-07T17:52:00+08:00,2025-06-07T17:54:02+08:00,0.967,103.5085,C,Cloud to Cloud,2025-06-07T17:50:24.338+08:00
2025-06-08 11:18:14,2025-06-07T17:52:00+08:00,2025-06-07T17:54:02+08:00,0.967,103.5085,C,Cloud to Cloud,2025-06-07T17:50:24.338+08:00
2025-06-08 11:18:14,2025-06-07T17:52:00+08:00,2025-06-07T17:54:02+08:00,0.9715,103.5128,C,Cloud to Cloud,2025-06-07T17:50:24.338+08:00
2025-06-08 11:18:14,2025-06-07T17:52:00+08:00,2025-06-07T17:54:02+08:00,0.9617,103.5025,C,Cloud to Cloud,2025-06-07T17:50:24.338+08:00
2025-06-08 11:18:14,2025-06-07T17:52:00+08:00,2025-06-07T17:54:02+08:00,1.0499,103.5641,C,Cloud to Cloud,2025-06-07T17:50:24.583+08:00
2025-06-08 11:18:14,2025-06-07T17:52:00+08:00,2025-06-07T17:54:02+08:00,1.0226,103.5356,C,Cloud to Cloud,2025-06-07T17:50:46.211+08:00
2025-06-08 11:18:14,2025-06-07T17:52:00+08:00,2025-06-07T17:54:02+08:00,1.0226,103.5356,C,Cloud to Cloud,2025-06-07T17:50:46.211+08:00
2025-06-08 11:18:14,2025-06-07T17:52:00+08:00,2025-06-07T17:54:02+08:00,0.9949,103.494,C,Cloud to Cloud,2025-06-07T17:50:46.317+08:00
2025-06-08 11:18:14,2025-06-07T17:52:00+08:00,2025-06-07T17:54:02+08:00,1.0327,103.5282,C,Cloud to Cloud,2025-06-07T17:50:46.317+08:00
2025-06-08 11:18:14,2025-06-07T17:52:00+08:00,2025-06-07T17:54:02+08:00,1.0193,103.5318,C,Cloud to Cloud,2025-06-07T17:50:46.317+08:00
2025-06-08 11:18:14,2025-06-07T17:52:00+08:00,2025-06-07T17:54:02+08:00,1.0193,103.5318,C,Cloud to Cloud,2025-06-07T17:50:46.318+08:00
2025-06-08 11:18:14,2025-06-07T17:52:00+08:00,2025-06-07T17:54:02+08:00,0.966,103.4492,C,Cloud to Cloud,2025-06-07T17:50:51.369+08:00
2025-06-08 11:18:14,2025-06-07T17:52:00+08:00,2025-06-07T17:54:02+08:00,0.9989,103.514,C,Cloud to Cloud,2025-06-07T17:51:04.871+08:00
2025-06-08 11:18:14,2025-06-07T17:52:00+08:00,2025-06-07T17:54:02+08:00,0.9989,103.514,C,Cloud to Cloud,2025-06-07T17:51:04.871+08:00
2025-06-08 11:18:14,2025-06-07T17:52:00+08:00,2025-06-07T17:54:02+08:00,0.9859,103.4964,C,Cloud to Cloud,2025-06-07T17:51:04.871+08:00
2025-06-08 11:18:14,2025-06-07T17:52:00+08:00,2025-06-07T17:54:02+08:00,0.9709,103.4921,C,Cloud to Cloud,2025-06-07T17:51:20.346+08:00
2025-06-08 11:18:14,2025-06-07T17:52:00+08:00,2025-06-07T17:54:02+08:00,1.0253,103.5565,C,Cloud to Cloud,2025-06-07T17:51:20.346+08:00
2025-06-08 11:18:14,2025-06-07T17:52:00+08:00,2025-06-07T17:54:02+08:00,1.0216,103.5546,C,Cloud to Cloud,2025-06-07T17:51:20.346+08:00
2025-06-08 11:18:14,2025-06-07T17:52:00+08:00,2025-06-07T17:54:02+08:00,1.0268,103.5702,C,Cloud to Cloud,2025-06-07T17:51:20.346+08:00
2025-06-08 11:18:14,2025-06-07T17:52:00+08:00,2025-06-07T17:54:02+08:00,1.0521,103.5978,C,Cloud to Cloud,2025-06-07T17:51:20.355+08:00
2025-06-08 11:18:14,2025-06-07T17:52:00+08:00,2025-06-07T17:54:02+08:00,1.0319,103.5393,C,Cloud to Cloud,2025-06-07T17:51:35.253+08:00
2025-06-08 11:18:14,2025-06-07T17:52:00+08:00,2025-06-07T17:54:02+08:00,1.0574,103.55,C,Cloud to Cloud,2025-06-07T17:51:35.45+08:00
2025-06-08 11:18:14,2025-06-07T17:52:00+08:00,2025-06-07T17:54:02+08:00,0.9625,103.462,C,Cloud to Cloud,2025-06-07T17:51:54.496+08:00
2025-06-08 11:18:14,2025-06-07T17:50:00+08:00,2025-06-07T17:52:02+08:00,0.9536,103.4452,C,Cloud to Cloud,2025-06-07T17:48:14.435+08:00
2025-06-08 11:18:14,2025-06-07T17:50:00+08:00,2025-06-07T17:52:02+08:00,0.9572,103.456,C,Cloud to Cloud,2025-06-07T17:48:14.435+08:00
2025-06-08 11:18:14,2025-06-07T17:50:00+08:00,2025-06-07T17:52:02+08:00,0.9638,103.4879,C,Cloud to Cloud,2025-06-07T17:48:14.443+08:00
2025-06-08 11:18:14,2025-06-07T17:50:00+08:00,2025-06-07T17:52:02+08:00,1.0423,103.5738,C,Cloud to Cloud,2025-06-07T17:48:23.703+08:00
2025-06-08 11:18:14,2025-06-07T17:50:00+08:00,2025-06-07T17:52:02+08:00,1.0313,103.5771,C,Cloud to Cloud,2025-06-07T17:48:23.703+08:00
2025-06-08 11:18:14,2025-06-07T17:50:00+08:00,2025-06-07T17:52:02+08:00,0.9789,103.5122,C,Cloud to Cloud,2025-06-07T17:48:23.872+08:00
2025-06-08 11:18:14,2025-06-07T17:50:00+08:00,2025-06-07T17:52:02+08:00,1.0303,103.5296,C,Cloud to Cloud,2025-06-07T17:48:23.874+08:00
2025-06-08 11:18:14,2025-06-07T17:50:00+08:00,2025-06-07T17:52:02+08:00,0.9607,103.4706,C,Cloud to Cloud,2025-06-07T17:48:58.897+08:00
2025-06-08 11:18:14,2025-06-07T17:50:00+08:00,2025-06-07T17:52:02+08:00,1.0107,103.5464,C,Cloud to Cloud,2025-06-07T17:48:58.957+08:00
2025-06-08 11:18:14,2025-06-07T17:50:00+08:00,2025-06-07T17:52:02+08:00,1.0483,103.5776,C,Cloud to Cloud,2025-06-07T17:48:58.957+08:00
2025-06-08 11:18:14,2025-06-07T17:50:00+08:00,2025-06-07T17:52:02+08:00,1.0281,103.563,C,Cloud to Cloud,2025-06-07T17:49:18.794+08:00
2025-06-08 11:18:14,2025-06-07T17:50:00+08:00,2025-06-07T17:52:02+08:00,0.9603,103.4576,C,Cloud to Cloud,2025-06-07T17:49:18.849+08:00
2025-06-08 11:18:14,2025-06-07T17:50:00+08:00,2025-06-07T17:52:02+08:00,0.9597,103.4569,C,Cloud to Cloud,2025-06-07T17:49:18.849+08:00
2025-06-08 11:18:14,2025-06-07T17:48:00+08:00,2025-06-07T17:50:03+08:00,0.9866,103.4952,C,Cloud to Cloud,2025-06-07T17:46:01.68+08:00
2025-06-08 11:18:14,2025-06-07T17:48:00+08:00,2025-06-07T17:50:03+08:00,0.9866,103.4952,C,Cloud to Cloud,2025-06-07T17:46:01.68+08:00
2025-06-08 11:18:14,2025-06-07T17:48:00+08:00,2025-06-07T17:50:03+08:00,1.0136,103.534,C,Cloud to Cloud,2025-06-07T17:46:01.971+08:00
2025-06-08 11:18:14,2025-06-07T17:48:00+08:00,2025-06-07T17:50:03+08:00,0.9942,103.5256,C,Cloud to Cloud,2025-06-07T17:46:02.011+08:00
2025-06-08 11:18:14,2025-06-07T17:48:00+08:00,2025-06-07T17:50:03+08:00,1.0066,103.5388,C,Cloud to Cloud,2025-06-07T17:46:02.011+08:00
2025-06-08 11:18:14,2025-06-07T17:48:00+08:00,2025-06-07T17:50:03+08:00,1.006,103.5227,C,Cloud to Cloud,2025-06-07T17:46:48.927+08:00
2025-06-08 11:18:14,2025-06-07T17:48:00+08:00,2025-06-07T17:50:03+08:00,0.9588,103.4893,C,Cloud to Cloud,2025-06-07T17:46:48.941+08:00
2025-06-08 11:18:14,2025-06-07T17:48:00+08:00,2025-06-07T17:50:03+08:00,1.0088,103.5351,C,Cloud to Cloud,2025-06-07T17:47:10.194+08:00
2025-06-08 11:18:14,2025-06-07T17:48:00+08:00,2025-06-07T17:50:03+08:00,1.0088,103.5351,C,Cloud to Cloud,2025-06-07T17:47:10.195+08:00
2025-06-08 11:18:14,2025-06-07T17:48:00+08:00,2025-06-07T17:50:03+08:00,1.0151,103.539,C,Cloud to Cloud,2025-06-07T17:47:14.442+08:00
2025-06-08 11:18:14,2025-06-07T17:48:00+08:00,2025-06-07T17:50:03+08:00,1.0151,103.539,C,Cloud to Cloud,2025-06-07T17:47:14.442+08:00
2025-06-08 11:18:14,2025-06-07T17:48:00+08:00,2025-06-07T17:50:03+08:00,0.9971,103.5322,G,Cloud to Ground,2025-06-07T17:47:14.442+08:00
2025-06-08 11:18:14,2025-06-07T17:46:00+08:00,2025-06-07T17:48:02+08:00,1.0032,103.5468,C,Cloud to Cloud,2025-06-07T17:44:03.424+08:00
2025-06-08 11:18:14,2025-06-07T17:46:00+08:00,2025-06-07T17:48:02+08:00,0.982,103.5012,C,Cloud to Cloud,2025-06-07T17:44:03.504+08:00
2025-06-08 11:18:14,2025-06-07T17:46:00+08:00,2025-06-07T17:48:02+08:00,0.982,103.5012,C,Cloud to Cloud,2025-06-07T17:44:03.504+08:00
2025-06-08 11:18:14,2025-06-07T17:46:00+08:00,2025-06-07T17:48:02+08:00,0.9838,103.492,C,Cloud to Cloud,2025-06-07T17:44:10.976+08:00
2025-06-08 11:18:14,2025-06-07T17:46:00+08:00,2025-06-07T17:48:02+08:00,1.0189,103.5372,C,Cloud to Cloud,2025-06-07T17:44:11.024+08:00
2025-06-08 11:18:14,2025-06-07T17:46:00+08:00,2025-06-07T17:48:02+08:00,0.9616,103.4553,C,Cloud to Cloud,2025-06-07T17:44:11.213+08:00
2025-06-08 11:18:14,2025-06-07T17:46:00+08:00,2025-06-07T17:48:02+08:00,0.9906,103.5162,C,Cloud to Cloud,2025-06-07T17:44:11.213+08:00
2025-06-08 11:18:14,2025-06-07T17:46:00+08:00,2025-06-07T17:48:02+08:00,0.996,103.5053,C,Cloud to Cloud,2025-06-07T17:45:35.401+08:00
2025-06-08 11:18:14,2025-06-07T17:46:00+08:00,2025-06-07T17:48:02+08:00,0.9734,103.477,C,Cloud to Cloud,2025-06-07T17:45:35.401+08:00
2025-06-08 11:18:14,2025-06-07T17:44:00+08:00,2025-06-07T17:46:02+08:00,1.009,103.5195,C,Cloud to Cloud,2025-06-07T17:43:15.333+08:00
2025-06-08 11:18:14,2025-06-07T17:44:00+08:00,2025-06-07T17:46:02+08:00,1.0098,103.5365,C,Cloud to Cloud,2025-06-07T17:43:15.335+08:00
2025-06-08 11:18:14,2025-06-07T17:44:00+08:00,2025-06-07T17:46:02+08:00,1.0098,103.5365,C,Cloud to Cloud,2025-06-07T17:43:15.335+08:00
2025-06-08 11:18:14,2025-06-07T17:44:00+08:00,2025-06-07T17:46:02+08:00,1.0096,103.5227,C,Cloud to Cloud,2025-06-07T17:43:48.823+08:00
2025-06-08 11:18:14,2025-06-07T17:44:00+08:00,2025-06-07T17:46:02+08:00,1.0127,103.5254,C,Cloud to Cloud,2025-06-07T17:43:48.823+08:00
2025-06-08 11:18:15,2025-06-07T17:00:00+08:00,2025-06-07T17:02:03+08:00,1.6032,104.1705,C,Cloud to Cloud,2025-06-07T16:58:51.381+08:00
2025-06-08 11:18:15,2025-06-07T16:54:00+08:00,2025-06-07T16:56:02+08:00,1.6325,104.3579,C,Cloud to Cloud,2025-06-07T16:53:14.314+08:00
2025-06-08 11:18:15,2025-06-07T16:48:00+08:00,2025-06-07T16:50:02+08:00,1.5609,104.2503,C,Cloud to Cloud,2025-06-07T16:46:11.502+08:00
2025-06-08 11:18:15,2025-06-07T16:48:00+08:00,2025-06-07T16:50:02+08:00,1.5437,104.221,C,Cloud to Cloud,2025-06-07T16:46:11.502+08:00
2025-06-08 11:18:15,2025-06-07T16:46:00+08:00,2025-06-07T16:48:03+08:00,1.5116,104.2168,C,Cloud to Cloud,2025-06-07T16:44:09.074+08:00
2025-06-08 11:18:15,2025-06-07T16:46:00+08:00,2025-06-07T16:48:03+08:00,1.5088,104.2101,C,Cloud to Cloud,2025-06-07T16:44:41.716+08:00
2025-06-08 11:18:15,2025-06-07T16:46:00+08:00,2025-06-07T16:48:03+08:00,1.5729,104.262,C,Cloud to Cloud,2025-06-07T16:44:54.1+08:00
2025-06-08 11:18:15,2025-06-07T16:46:00+08:00,2025-06-07T16:48:03+08:00,1.6265,104.3664,C,Cloud to Cloud,2025-06-07T16:45:46.235+08:00
2025-06-08 11:18:15,2025-06-07T16:44:00+08:00,2025-06-07T16:46:02+08:00,1.6118,104.3529,C,Cloud to Cloud,2025-06-07T16:42:03.919+08:00
2025-06-08 11:18:15,2025-06-07T16:44:00+08:00,2025-06-07T16:46:02+08:00,1.593,104.315,C,Cloud to Cloud,2025-06-07T16:42:15.865+08:00
2025-06-08 11:18:15,2025-06-07T16:38:00+08:00,2025-06-07T16:40:03+08:00,1.6253,104.364,C,Cloud to Cloud,2025-06-07T16:36:47.164+08:00
2025-06-08 11:18:15,2025-06-07T16:38:00+08:00,2025-06-07T16:40:03+08:00,1.4543,104.2557,C,Cloud to Cloud,2025-06-07T16:37:28.771+08:00
2025-06-08 11:18:15,2025-06-07T16:38:00+08:00,2025-06-07T16:40:03+08:00,1.4446,104.2467,C,Cloud to Cloud,2025-06-07T16:37:28.771+08:00
2025-06-08 11:18:15,2025-06-07T16:36:00+08:00,2025-06-07T16:38:03+08:00,1.6124,104.4051,C,Cloud to Cloud,2025-06-07T16:34:40.788+08:00
2025-06-08 11:18:15,2025-06-07T16:36:00+08:00,2025-06-07T16:38:03+08:00,1.4722,104.19,C,Cloud to Cloud,2025-06-07T16:34:46.224+08:00
2025-06-08 11:18:15,2025-06-07T16:36:00+08:00,2025-06-07T16:38:03+08:00,1.4765,104.2169,C,Cloud to Cloud,2025-06-07T16:34:46.224+08:00
2025-06-08 11:18:15,2025-06-07T16:36:00+08:00,2025-06-07T16:38:03+08:00,1.6446,104.4185,C,Cloud to Cloud,2025-06-07T16:35:12.641+08:00
2025-06-08 11:18:15,2025-06-07T16:36:00+08:00,2025-06-07T16:38:03+08:00,1.6279,104.3875,C,Cloud to Cloud,2025-06-07T16:35:12.642+08:00
2025-06-08 11:18:15,2025-06-07T16:34:00+08:00,2025-06-07T16:36:02+08:00,1.6006,104.4145,C,Cloud to Cloud,2025-06-07T16:33:38.544+08:00
2025-06-08 11:18:15,2025-06-07T16:28:00+08:00,2025-06-07T16:30:02+08:00,1.5174,104.4106,C,Cloud to Cloud,2025-06-07T16:27:12.282+08:00
2025-06-08 11:18:15,2025-06-07T16:28:00+08:00,2025-06-07T16:30:02+08:00,1.5073,104.3868,C,Cloud to Cloud,2025-06-07T16:27:12.282+08:00
2025-06-08 11:18:15,2025-06-07T16:28:00+08:00,2025-06-07T16:30:02+08:00,1.537,104.4897,C,Cloud to Cloud,2025-06-07T16:27:12.282+08:00
2025-06-08 11:18:15,2025-06-07T16:20:00+08:00,2025-06-07T16:22:02+08:00,1.5164,104.4131,C,Cloud to Cloud,2025-06-07T16:18:15.992+08:00
2025-06-08 11:18:15,2025-06-07T16:20:00+08:00,2025-06-07T16:22:02+08:00,1.5273,104.277,C,Cloud to Cloud,2025-06-07T16:18:21.719+08:00
2025-06-08 11:18:15,2025-06-07T16:20:00+08:00,2025-06-07T16:22:02+08:00,1.535,104.3014,C,Cloud to Cloud,2025-06-07T16:18:21.719+08:00
2025-06-08 11:18:15,2025-06-07T16:20:00+08:00,2025-06-07T16:22:02+08:00,1.5351,104.4659,G,Cloud to Ground,2025-06-07T16:18:34.396+08:00
2025-06-08 11:18:15,2025-06-07T16:20:00+08:00,2025-06-07T16:22:02+08:00,1.4523,104.3086,C,Cloud to Cloud,2025-06-07T16:18:34.599+08:00
2025-06-08 11:18:15,2025-06-07T16:20:00+08:00,2025-06-07T16:22:02+08:00,1.5296,104.4688,G,Cloud to Ground,2025-06-07T16:19:32.301+08:00
2025-06-08 11:18:15,2025-06-07T16:20:00+08:00,2025-06-07T16:22:02+08:00,1.5276,104.4192,G,Cloud to Ground,2025-06-07T16:19:32.426+08:00
2025-06-08 11:18:15,2025-06-07T16:18:00+08:00,2025-06-07T16:20:03+08:00,1.5635,104.4593,G,Cloud to Ground,2025-06-07T16:16:22.895+08:00
2025-06-08 11:18:15,2025-06-07T16:18:00+08:00,2025-06-07T16:20:03+08:00,1.5223,104.457,C,Cloud to Cloud,2025-06-07T16:16:23.06+08:00
2025-06-08 11:18:15,2025-06-07T16:18:00+08:00,2025-06-07T16:20:03+08:00,1.4921,104.4079,C,Cloud to Cloud,2025-06-07T16:16:23.06+08:00
2025-06-08 11:18:15,2025-06-07T16:18:00+08:00,2025-06-07T16:20:03+08:00,1.5469,104.4923,G,Cloud to Ground,2025-06-07T16:17:02.461+08:00
2025-06-08 11:18:15,2025-06-07T16:18:00+08:00,2025-06-07T16:20:03+08:00,1.5385,104.455,G,Cloud to Ground,2025-06-07T16:17:02.534+08:00
2025-06-08 11:18:15,2025-06-07T16:18:00+08:00,2025-06-07T16:20:03+08:00,1.5643,104.4779,G,Cloud to Ground,2025-06-07T16:17:02.622+08:00
2025-06-08 11:18:15,2025-06-07T16:18:00+08:00,2025-06-07T16:20:03+08:00,1.508,104.4188,C,Cloud to Cloud,2025-06-07T16:17:02.622+08:00
2025-06-08 11:18:15,2025-06-07T16:16:00+08:00,2025-06-07T16:18:02+08:00,1.4704,104.3579,C,Cloud to Cloud,2025-06-07T16:15:04.951+08:00
2025-06-08 11:18:15,2025-06-07T16:16:00+08:00,2025-06-07T16:18:02+08:00,1.4949,104.4333,C,Cloud to Cloud,2025-06-07T16:15:14.964+08:00
2025-06-08 11:18:15,2025-06-07T16:16:00+08:00,2025-06-07T16:18:02+08:00,1.4976,104.4105,C,Cloud to Cloud,2025-06-07T16:15:14.965+08:00
2025-06-08 11:18:15,2025-06-07T16:16:00+08:00,2025-06-07T16:18:02+08:00,1.5193,104.4498,C,Cloud to Cloud,2025-06-07T16:15:14.965+08:00
2025-06-08 11:18:15,2025-06-07T16:14:00+08:00,2025-06-07T16:16:02+08:00,1.5817,104.4494,G,Cloud to Ground,2025-06-07T16:12:34.267+08:00
2025-06-08 11:18:15,2025-06-07T16:14:00+08:00,2025-06-07T16:16:02+08:00,1.5634,104.4295,C,Cloud to Cloud,2025-06-07T16:12:34.267+08:00
2025-06-08 11:18:15,2025-06-07T16:14:00+08:00,2025-06-07T16:16:02+08:00,1.5561,104.406,C,Cloud to Cloud,2025-06-07T16:12:34.267+08:00
2025-06-08 11:18:15,2025-06-07T16:14:00+08:00,2025-06-07T16:16:02+08:00,1.5512,104.4693,G,Cloud to Ground,2025-06-07T16:13:23.148+08:00
2025-06-08 11:18:15,2025-06-07T16:14:00+08:00,2025-06-07T16:16:02+08:00,1.5527,104.4899,G,Cloud to Ground,2025-06-07T16:13:23.467+08:00
2025-06-08 11:18:15,2025-06-07T16:14:00+08:00,2025-06-07T16:16:02+08:00,1.5367,104.4345,G,Cloud to Ground,2025-06-07T16:13:23.531+08:00
2025-06-08 11:18:15,2025-06-07T16:14:00+08:00,2025-06-07T16:16:02+08:00,1.4922,104.3259,C,Cloud to Cloud,2025-06-07T16:13:23.69+08:00
2025-06-08 11:18:15,2025-06-07T16:14:00+08:00,2025-06-07T16:16:02+08:00,1.4855,104.3209,C,Cloud to Cloud,2025-06-07T16:13:23.69+08:00
2025-06-08 11:18:15,2025-06-07T16:14:00+08:00,2025-06-07T16:16:02+08:00,1.5089,104.4081,C,Cloud to Cloud,2025-06-07T16:13:23.69+08:00
2025-06-08 11:18:15,2025-06-07T16:14:00+08:00,2025-06-07T16:16:02+08:00,1.5537,104.4843,G,Cloud to Ground,2025-06-07T16:13:23.69+08:00
2025-06-08 11:18:15,2025-06-07T16:14:00+08:00,2025-06-07T16:16:02+08:00,1.458,104.3344,C,Cloud to Cloud,2025-06-07T16:13:23.829+08:00
2025-06-08 11:18:15,2025-06-07T16:12:00+08:00,2025-06-07T16:14:03+08:00,1.5368,104.4723,G,Cloud to Ground,2025-06-07T16:10:05.692+08:00
2025-06-08 11:18:15,2025-06-07T16:12:00+08:00,2025-06-07T16:14:03+08:00,1.5271,104.3753,C,Cloud to Cloud,2025-06-07T16:10:05.692+08:00
2025-06-08 11:18:15,2025-06-07T16:12:00+08:00,2025-06-07T16:14:03+08:00,1.5349,104.4684,G,Cloud to Ground,2025-06-07T16:10:05.723+08:00
2025-06-08 11:18:15,2025-06-07T16:12:00+08:00,2025-06-07T16:14:03+08:00,1.526,104.4426,G,Cloud to Ground,2025-06-07T16:10:05.777+08:00
2025-06-08 11:18:15,2025-06-07T16:12:00+08:00,2025-06-07T16:14:03+08:00,1.5463,104.4874,G,Cloud to Ground,2025-06-07T16:10:05.809+08:00
2025-06-08 11:18:15,2025-06-07T16:12:00+08:00,2025-06-07T16:14:03+08:00,1.447,104.2286,C,Cloud to Cloud,2025-06-07T16:10:05.932+08:00
2025-06-08 11:18:15,2025-06-07T16:12:00+08:00,2025-06-07T16:14:03+08:00,1.5435,104.4862,G,Cloud to Ground,2025-06-07T16:10:06.019+08:00
2025-06-08 11:18:15,2025-06-07T16:12:00+08:00,2025-06-07T16:14:03+08:00,1.4959,104.406,C,Cloud to Cloud,2025-06-07T16:10:06.02+08:00
2025-06-08 11:18:15,2025-06-07T16:12:00+08:00,2025-06-07T16:14:03+08:00,1.4167,104.2079,C,Cloud to Cloud,2025-06-07T16:10:28.756+08:00
2025-06-08 11:18:15,2025-06-07T16:12:00+08:00,2025-06-07T16:14:03+08:00,1.4922,104.4292,C,Cloud to Cloud,2025-06-07T16:11:24.702+08:00
2025-06-08 11:18:15,2025-06-07T16:12:00+08:00,2025-06-07T16:14:03+08:00,1.503,104.4529,C,Cloud to Cloud,2025-06-07T16:11:24.702+08:00
2025-06-08 11:18:15,2025-06-07T16:12:00+08:00,2025-06-07T16:14:03+08:00,1.3969,104.2067,C,Cloud to Cloud,2025-06-07T16:11:24.702+08:00
2025-06-08 11:18:15,2025-06-07T16:12:00+08:00,2025-06-07T16:14:03+08:00,1.5364,104.491,G,Cloud to Ground,2025-06-07T16:11:36.237+08:00
2025-06-08 11:18:15,2025-06-07T16:12:00+08:00,2025-06-07T16:14:03+08:00,1.5205,104.465,G,Cloud to Ground,2025-06-07T16:11:36.302+08:00
2025-06-08 11:18:15,2025-06-07T16:12:00+08:00,2025-06-07T16:14:03+08:00,1.526,104.4976,G,Cloud to Ground,2025-06-07T16:11:36.334+08:00
2025-06-08 11:18:15,2025-06-07T16:12:00+08:00,2025-06-07T16:14:03+08:00,1.5208,104.4581,G,Cloud to Ground,2025-06-07T16:11:36.769+08:00
2025-06-08 11:18:15,2025-06-07T16:12:00+08:00,2025-06-07T16:14:03+08:00,1.5194,104.4532,G,Cloud to Ground,2025-06-07T16:11:36.832+08:00
2025-06-08 11:18:15,2025-06-07T16:12:00+08:00,2025-06-07T16:14:03+08:00,1.5239,104.4729,C,Cloud to Cloud,2025-06-07T16:11:46.732+08:00
2025-06-08 11:18:15,2025-06-07T16:12:00+08:00,2025-06-07T16:14:03+08:00,1.5123,104.4494,C,Cloud to Cloud,2025-06-07T16:11:46.732+08:00
2025-06-08 11:18:15,2025-06-07T16:12:00+08:00,2025-06-07T16:14:03+08:00,1.4246,104.2194,C,Cloud to Cloud,2025-06-07T16:11:54.267+08:00
2025-06-08 11:18:15,2025-06-07T16:10:00+08:00,2025-06-07T16:12:02+08:00,1.4791,104.4825,G,Cloud to Ground,2025-06-07T16:08:16.913+08:00
2025-06-08 11:18:15,2025-06-07T16:10:00+08:00,2025-06-07T16:12:02+08:00,1.4824,104.3496,C,Cloud to Cloud,2025-06-07T16:08:38.282+08:00
2025-06-08 11:18:15,2025-06-07T16:10:00+08:00,2025-06-07T16:12:02+08:00,1.5114,104.4079,C,Cloud to Cloud,2025-06-07T16:09:53.574+08:00
2025-06-08 11:18:15,2025-06-07T16:10:00+08:00,2025-06-07T16:12:02+08:00,1.4235,104.2405,C,Cloud to Cloud,2025-06-07T16:09:55.826+08:00
2025-06-08 11:18:15,2025-06-07T16:08:00+08:00,2025-06-07T16:10:03+08:00,1.5176,104.4464,C,Cloud to Cloud,2025-06-07T16:06:01.575+08:00
2025-06-08 11:18:15,2025-06-07T16:08:00+08:00,2025-06-07T16:10:03+08:00,1.4628,104.203,C,Cloud to Cloud,2025-06-07T16:06:33.377+08:00
2025-06-08 11:18:15,2025-06-07T16:08:00+08:00,2025-06-07T16:10:03+08:00,1.5373,104.472,G,Cloud to Ground,2025-06-07T16:06:46.685+08:00
2025-06-08 11:18:15,2025-06-07T16:08:00+08:00,2025-06-07T16:10:03+08:00,1.5277,104.4441,G,Cloud to Ground,2025-06-07T16:06:47.106+08:00
2025-06-08 11:18:15,2025-06-07T16:08:00+08:00,2025-06-07T16:10:03+08:00,1.5366,104.4716,G,Cloud to Ground,2025-06-07T16:06:47.179+08:00
2025-06-08 11:18:15,2025-06-07T16:08:00+08:00,2025-06-07T16:10:03+08:00,1.5474,104.4906,G,Cloud to Ground,2025-06-07T16:06:47.298+08:00
2025-06-08 11:18:15,2025-06-07T16:08:00+08:00,2025-06-07T16:10:03+08:00,1.5574,104.4477,G,Cloud to Ground,2025-06-07T16:07:14.153+08:00
2025-06-08 11:18:15,2025-06-07T16:08:00+08:00,2025-06-07T16:10:03+08:00,1.4942,104.3607,C,Cloud to Cloud,2025-06-07T16:07:54.828+08:00
2025-06-08 11:18:15,2025-06-07T16:06:00+08:00,2025-06-07T16:08:03+08:00,1.501,104.427,C,Cloud to Cloud,2025-06-07T16:04:01.333+08:00
2025-06-08 11:18:15,2025-06-07T16:06:00+08:00,2025-06-07T16:08:03+08:00,1.5303,104.479,G,Cloud to Ground,2025-06-07T16:04:28.098+08:00
2025-06-08 11:18:15,2025-06-07T16:06:00+08:00,2025-06-07T16:08:03+08:00,1.436,104.2204,C,Cloud to Cloud,2025-06-07T16:04:28.143+08:00
2025-06-08 11:18:15,2025-06-07T16:06:00+08:00,2025-06-07T16:08:03+08:00,1.5319,104.4827,G,Cloud to Ground,2025-06-07T16:04:28.143+08:00
2025-06-08 11:18:15,2025-06-07T16:06:00+08:00,2025-06-07T16:08:03+08:00,1.5239,104.4702,C,Cloud to Cloud,2025-06-07T16:04:43.533+08:00
2025-06-08 11:18:15,2025-06-07T16:06:00+08:00,2025-06-07T16:08:03+08:00,1.5418,104.4985,G,Cloud to Ground,2025-06-07T16:05:31.416+08:00
2025-06-08 11:18:15,2025-06-07T16:06:00+08:00,2025-06-07T16:08:03+08:00,1.5369,104.4871,G,Cloud to Ground,2025-06-07T16:05:31.469+08:00
2025-06-08 11:18:15,2025-06-07T16:04:00+08:00,2025-06-07T16:06:03+08:00,1.5115,104.4266,C,Cloud to Cloud,2025-06-07T16:02:08.685+08:00
2025-06-08 11:18:15,2025-06-07T16:04:00+08:00,2025-06-07T16:06:03+08:00,1.5115,104.4266,C,Cloud to Cloud,2025-06-07T16:02:08.685+08:00
2025-06-08 11:18:15,2025-06-07T16:04:00+08:00,2025-06-07T16:06:03+08:00,1.4555,104.329,C,Cloud to Cloud,2025-06-07T16:02:08.841+08:00
2025-06-08 11:18:15,2025-06-07T16:04:00+08:00,2025-06-07T16:06:03+08:00,1.4806,104.4155,C,Cloud to Cloud,2025-06-07T16:02:54.96+08:00
2025-06-08 11:18:15,2025-06-07T16:04:00+08:00,2025-06-07T16:06:03+08:00,1.5093,104.4296,G,Cloud to Ground,2025-06-07T16:02:56.069+08:00
2025-06-08 11:18:15,2025-06-07T16:04:00+08:00,2025-06-07T16:06:03+08:00,1.5228,104.4819,C,Cloud to Cloud,2025-06-07T16:03:37.66+08:00
2025-06-08 11:18:15,2025-06-07T16:02:00+08:00,2025-06-07T16:04:03+08:00,1.5023,104.4373,G,Cloud to Ground,2025-06-07T16:01:19.371+08:00
2025-06-08 11:18:15,2025-06-07T16:02:00+08:00,2025-06-07T16:04:03+08:00,1.4389,104.2905,C,Cloud to Cloud,2025-06-07T16:01:19.371+08:00
2025-06-08 11:18:15,2025-06-07T16:02:00+08:00,2025-06-07T16:04:03+08:00,1.4426,104.3168,C,Cloud to Cloud,2025-06-07T16:01:19.407+08:00
2025-06-08 11:18:15,2025-06-07T16:02:00+08:00,2025-06-07T16:04:03+08:00,1.5121,104.4542,G,Cloud to Ground,2025-06-07T16:01:19.528+08:00
2025-06-08 11:18:15,2025-06-07T16:02:00+08:00,2025-06-07T16:04:03+08:00,1.448,104.3288,C,Cloud to Cloud,2025-06-07T16:01:19.528+08:00
2025-06-08 11:18:15,2025-06-07T16:02:00+08:00,2025-06-07T16:04:03+08:00,1.4337,104.278,C,Cloud to Cloud,2025-06-07T16:01:19.528+08:00
2025-06-08 11:18:15,2025-06-07T16:00:00+08:00,2025-06-07T16:02:02+08:00,1.4833,104.3874,G,Cloud to Ground,2025-06-07T15:58:28.625+08:00
2025-06-08 11:18:15,2025-06-07T16:00:00+08:00,2025-06-07T16:02:02+08:00,1.4153,104.254,C,Cloud to Cloud,2025-06-07T15:58:28.852+08:00
2025-06-08 11:18:15,2025-06-07T16:00:00+08:00,2025-06-07T16:02:02+08:00,1.4554,104.4683,G,Cloud to Ground,2025-06-07T15:59:42.609+08:00
2025-06-08 11:18:15,2025-06-07T15:58:00+08:00,2025-06-07T16:00:02+08:00,1.5123,104.4392,C,Cloud to Cloud,2025-06-07T15:57:57.106+08:00
2025-06-08 11:18:15,2025-06-07T15:58:00+08:00,2025-06-07T16:00:02+08:00,1.5123,104.4392,C,Cloud to Cloud,2025-06-07T15:57:57.107+08:00
2025-06-08 11:18:15,2025-06-07T15:58:00+08:00,2025-06-07T16:00:02+08:00,1.4336,104.2633,C,Cloud to Cloud,2025-06-07T15:57:57.287+08:00
2025-06-08 11:18:15,2025-06-07T15:54:00+08:00,2025-06-07T15:56:03+08:00,1.5319,104.4642,G,Cloud to Ground,2025-06-07T15:53:58.965+08:00
2025-06-08 11:18:15,2025-06-07T15:54:00+08:00,2025-06-07T15:56:03+08:00,1.5301,104.4983,G,Cloud to Ground,2025-06-07T15:53:59.04+08:00
2025-06-08 11:18:15,2025-06-07T15:52:00+08:00,2025-06-07T15:54:02+08:00,1.5219,104.4264,G,Cloud to Ground,2025-06-07T15:51:13.905+08:00
2025-06-08 11:18:15,2025-06-07T15:52:00+08:00,2025-06-07T15:54:02+08:00,1.4576,104.4376,G,Cloud to Ground,2025-06-07T15:51:54.269+08:00
2025-06-08 11:18:15,2025-06-07T15:50:00+08:00,2025-06-07T15:52:03+08:00,1.5274,104.4827,C,Cloud to Cloud,2025-06-07T15:49:51.869+08:00
2025-06-08 11:18:19,2025-06-07T10:34:00+08:00,2025-06-07T10:36:03+08:00,1.1556,103.8747,C,Cloud to Cloud,2025-06-07T10:33:15.047+08:00
2025-06-08 11:18:21,2025-06-07T08:02:00+08:00,2025-06-07T08:04:02+08:00,1.6058,103.4723,C,Cloud to Cloud,2025-06-07T08:00:09.734+08:00
2025-06-08 11:18:21,2025-06-07T07:54:00+08:00,2025-06-07T07:56:02+08:00,1.5943,103.5611,C,Cloud to Cloud,2025-06-07T07:52:09.57+08:00
2025-06-08 11:18:21,2025-06-07T07:54:00+08:00,2025-06-07T07:56:02+08:00,1.6117,103.5748,C,Cloud to Cloud,2025-06-07T07:53:25.526+08:00
2025-06-08 11:18:21,2025-06-07T07:54:00+08:00,2025-06-07T07:56:02+08:00,1.613,103.5274,C,Cloud to Cloud,2025-06-07T07:53:35.333+08:00
2025-06-08 11:18:21,2025-06-07T07:52:00+08:00,2025-06-07T07:54:02+08:00,1.6382,103.5036,C,Cloud to Cloud,2025-06-07T07:50:20.424+08:00
2025-06-08 11:18:21,2025-06-07T07:52:00+08:00,2025-06-07T07:54:02+08:00,1.6405,103.4962,C,Cloud to Cloud,2025-06-07T07:50:34.443+08:00
2025-06-08 11:18:21,2025-06-07T07:52:00+08:00,2025-06-07T07:54:02+08:00,1.6346,103.5103,C,Cloud to Cloud,2025-06-07T07:51:37.578+08:00
2025-06-08 11:18:21,2025-06-07T07:52:00+08:00,2025-06-07T07:54:02+08:00,1.6393,103.4972,C,Cloud to Cloud,2025-06-07T07:51:37.747+08:00
2025-06-08 11:18:21,2025-06-07T07:50:00+08:00,2025-06-07T07:52:03+08:00,1.6489,103.4592,C,Cloud to Cloud,2025-06-07T07:48:29.061+08:00
2025-06-08 11:18:21,2025-06-07T07:50:00+08:00,2025-06-07T07:52:03+08:00,1.6259,103.4891,C,Cloud to Cloud,2025-06-07T07:49:46.19+08:00
2025-06-08 11:18:21,2025-06-07T07:48:00+08:00,2025-06-07T07:50:03+08:00,1.6433,103.4816,C,Cloud to Cloud,2025-06-07T07:46:41.749+08:00
2025-06-08 11:18:21,2025-06-07T07:48:00+08:00,2025-06-07T07:50:03+08:00,1.6356,103.4824,C,Cloud to Cloud,2025-06-07T07:46:41.749+08:00
2025-06-08 11:18:21,2025-06-07T07:48:00+08:00,2025-06-07T07:50:03+08:00,1.6243,103.4967,C,Cloud to Cloud,2025-06-07T07:46:42.03+08:00
2025-06-08 11:18:21,2025-06-07T07:48:00+08:00,2025-06-07T07:50:03+08:00,1.6363,103.4832,C,Cloud to Cloud,2025-06-07T07:46:42.03+08:00
2025-06-08 11:18:21,2025-06-07T07:48:00+08:00,2025-06-07T07:50:03+08:00,1.6376,103.492,C,Cloud to Cloud,2025-06-07T07:46:46.919+08:00
2025-06-08 11:18:21,2025-06-07T07:48:00+08:00,2025-06-07T07:50:03+08:00,1.6477,103.4445,C,Cloud to Cloud,2025-06-07T07:47:03.471+08:00
2025-06-08 11:18:21,2025-06-07T07:46:00+08:00,2025-06-07T07:48:02+08:00,1.6291,103.4973,C,Cloud to Cloud,2025-06-07T07:44:53.944+08:00
2025-06-08 11:18:21,2025-06-07T07:44:00+08:00,2025-06-07T07:46:03+08:00,1.6285,103.5068,C,Cloud to Cloud,2025-06-07T07:42:18.023+08:00
2025-06-08 11:18:21,2025-06-07T07:44:00+08:00,2025-06-07T07:46:03+08:00,1.6375,103.5117,C,Cloud to Cloud,2025-06-07T07:42:56.853+08:00
2025-06-08 11:18:21,2025-06-07T07:44:00+08:00,2025-06-07T07:46:03+08:00,1.6374,103.5113,C,Cloud to Cloud,2025-06-07T07:42:56.853+08:00
2025-06-08 11:18:21,2025-06-07T07:44:00+08:00,2025-06-07T07:46:03+08:00,1.636,103.5065,C,Cloud to Cloud,2025-06-07T07:42:56.855+08:00
2025-06-08 11:18:21,2025-06-07T07:44:00+08:00,2025-06-07T07:46:03+08:00,1.6303,103.4634,C,Cloud to Cloud,2025-06-07T07:42:56.952+08:00
2025-06-08 11:18:21,2025-06-07T07:44:00+08:00,2025-06-07T07:46:03+08:00,1.6481,103.4905,C,Cloud to Cloud,2025-06-07T07:42:59.304+08:00
2025-06-08 11:18:21,2025-06-07T07:44:00+08:00,2025-06-07T07:46:03+08:00,1.639,103.5087,C,Cloud to Cloud,2025-06-07T07:43:11.084+08:00
2025-06-08 11:18:21,2025-06-07T07:44:00+08:00,2025-06-07T07:46:03+08:00,1.648,103.4727,C,Cloud to Cloud,2025-06-07T07:43:20.516+08:00
2025-06-08 11:18:21,2025-06-07T07:44:00+08:00,2025-06-07T07:46:03+08:00,1.6279,103.4951,C,Cloud to Cloud,2025-06-07T07:43:20.63+08:00
2025-06-08 11:18:21,2025-06-07T07:44:00+08:00,2025-06-07T07:46:03+08:00,1.6387,103.4947,C,Cloud to Cloud,2025-06-07T07:43:20.63+08:00
2025-06-08 11:18:21,2025-06-07T07:44:00+08:00,2025-06-07T07:46:03+08:00,1.6384,103.4704,C,Cloud to Cloud,2025-06-07T07:43:41.34+08:00
2025-06-08 11:18:21,2025-06-07T07:44:00+08:00,2025-06-07T07:46:03+08:00,1.6348,103.4785,C,Cloud to Cloud,2025-06-07T07:43:41.34+08:00
2025-06-08 11:18:21,2025-06-07T07:42:00+08:00,2025-06-07T07:44:02+08:00,1.6486,103.5039,C,Cloud to Cloud,2025-06-07T07:40:08.268+08:00
2025-06-08 11:18:21,2025-06-07T07:42:00+08:00,2025-06-07T07:44:02+08:00,1.6288,103.5039,C,Cloud to Cloud,2025-06-07T07:40:44.625+08:00
2025-06-08 11:18:21,2025-06-07T07:42:00+08:00,2025-06-07T07:44:02+08:00,1.6257,103.5213,C,Cloud to Cloud,2025-06-07T07:40:44.774+08:00
2025-06-08 11:18:21,2025-06-07T07:42:00+08:00,2025-06-07T07:44:02+08:00,1.6227,103.5203,C,Cloud to Cloud,2025-06-07T07:40:44.775+08:00
2025-06-08 11:18:21,2025-06-07T07:42:00+08:00,2025-06-07T07:44:02+08:00,1.6486,103.4836,C,Cloud to Cloud,2025-06-07T07:40:51.555+08:00
2025-06-08 11:18:21,2025-06-07T07:42:00+08:00,2025-06-07T07:44:02+08:00,1.6194,103.5044,C,Cloud to Cloud,2025-06-07T07:41:46.77+08:00
2025-06-08 11:18:21,2025-06-07T07:42:00+08:00,2025-06-07T07:44:02+08:00,1.6442,103.4798,C,Cloud to Cloud,2025-06-07T07:41:46.77+08:00
2025-06-08 11:18:21,2025-06-07T07:38:00+08:00,2025-06-07T07:40:04+08:00,1.6262,103.5222,C,Cloud to Cloud,2025-06-07T07:36:21.097+08:00
2025-06-08 11:18:21,2025-06-07T07:38:00+08:00,2025-06-07T07:40:04+08:00,1.642,103.4768,C,Cloud to Cloud,2025-06-07T07:37:15.026+08:00
2025-06-08 11:18:21,2025-06-07T07:38:00+08:00,2025-06-07T07:40:04+08:00,1.642,103.4768,C,Cloud to Cloud,2025-06-07T07:37:15.026+08:00
2025-06-08 11:18:21,2025-06-07T07:38:00+08:00,2025-06-07T07:40:04+08:00,1.623,103.4837,G,Cloud to Ground,2025-06-07T07:37:27.466+08:00
2025-06-08 11:18:21,2025-06-07T07:28:00+08:00,2025-06-07T07:30:03+08:00,1.6346,103.4031,C,Cloud to Cloud,2025-06-07T07:26:33.564+08:00
2025-06-08 11:18:21,2025-06-07T07:22:00+08:00,2025-06-07T07:24:02+08:00,1.4219,103.6221,C,Cloud to Cloud,2025-06-07T07:21:32.839+08:00
2025-06-08 11:18:21,2025-06-07T07:22:00+08:00,2025-06-07T07:24:02+08:00,1.4375,103.6063,C,Cloud to Cloud,2025-06-07T07:21:32.839+08:00
2025-06-08 11:18:21,2025-06-07T07:12:00+08:00,2025-06-07T07:14:02+08:00,1.5937,103.2888,C,Cloud to Cloud,2025-06-07T07:11:07.257+08:00
2025-06-08 11:18:21,2025-06-07T06:48:00+08:00,2025-06-07T06:50:02+08:00,1.5719,103.4123,C,Cloud to Cloud,2025-06-07T06:46:42.624+08:00
2025-06-08 11:18:21,2025-06-07T06:48:00+08:00,2025-06-07T06:50:02+08:00,1.5709,103.4286,C,Cloud to Cloud,2025-06-07T06:47:53.024+08:00
2025-06-08 11:18:21,2025-06-07T06:42:00+08:00,2025-06-07T06:44:02+08:00,1.5371,103.4543,C,Cloud to Cloud,2025-06-07T06:41:36.719+08:00
2025-06-08 11:18:21,2025-06-07T06:42:00+08:00,2025-06-07T06:44:02+08:00,1.4485,103.5835,C,Cloud to Cloud,2025-06-07T06:41:36.719+08:00
2025-06-08 11:18:21,2025-06-07T06:36:00+08:00,2025-06-07T06:38:02+08:00,1.4229,103.62,C,Cloud to Cloud,2025-06-07T06:35:32.127+08:00
2025-06-08 11:18:21,2025-06-07T06:36:00+08:00,2025-06-07T06:38:02+08:00,1.4154,103.6278,C,Cloud to Cloud,2025-06-07T06:35:32.127+08:00
2025-06-08 11:18:22,2025-06-07T06:22:00+08:00,2025-06-07T06:24:03+08:00,1.5666,103.2978,C,Cloud to Cloud,2025-06-07T06:21:27.545+08:00
2025-06-08 11:18:22,2025-06-07T06:22:00+08:00,2025-06-07T06:24:03+08:00,1.5698,103.2896,C,Cloud to Cloud,2025-06-07T06:21:27.545+08:00
2025-06-08 11:18:22,2025-06-07T06:10:00+08:00,2025-06-07T06:12:03+08:00,1.6147,103.4598,C,Cloud to Cloud,2025-06-07T06:08:44.691+08:00
2025-06-08 11:18:22,2025-06-07T05:58:00+08:00,2025-06-07T06:00:03+08:00,1.6008,103.5629,C,Cloud to Cloud,2025-06-07T05:56:37.267+08:00
2025-06-08 11:18:22,2025-06-07T05:58:00+08:00,2025-06-07T06:00:03+08:00,1.6321,103.3553,C,Cloud to Cloud,2025-06-07T05:57:47.232+08:00
2025-06-08 11:18:22,2025-06-07T05:50:00+08:00,2025-06-07T05:52:02+08:00,1.5155,103.4763,C,Cloud to Cloud,2025-06-07T05:48:23.862+08:00
2025-06-08 11:18:22,2025-06-07T05:44:00+08:00,2025-06-07T05:46:02+08:00,1.3602,103.6829,C,Cloud to Cloud,2025-06-07T05:42:30.248+08:00
2025-06-08 11:18:22,2025-06-07T05:42:00+08:00,2025-06-07T05:44:02+08:00,1.4386,103.5915,C,Cloud to Cloud,2025-06-07T05:40:42.472+08:00
2025-06-08 11:18:22,2025-06-07T05:28:00+08:00,2025-06-07T05:30:02+08:00,1.5179,103.4705,C,Cloud to Cloud,2025-06-07T05:27:10.769+08:00
2025-06-08 11:18:22,2025-06-07T05:26:00+08:00,2025-06-07T05:28:02+08:00,1.385,103.6683,C,Cloud to Cloud,2025-06-07T05:25:10.284+08:00
2025-06-08 11:18:22,2025-06-07T05:08:00+08:00,2025-06-07T05:10:05+08:00,1.4804,103.5211,C,Cloud to Cloud,2025-06-07T05:07:57.988+08:00
2025-06-08 11:18:22,2025-06-07T05:06:00+08:00,2025-06-07T05:08:03+08:00,1.4853,103.5097,C,Cloud to Cloud,2025-06-07T05:04:51.613+08:00
2025-06-08 11:18:22,2025-06-07T05:04:00+08:00,2025-06-07T05:06:03+08:00,1.455,103.5669,C,Cloud to Cloud,2025-06-07T05:02:13.698+08:00
2025-06-08 11:18:22,2025-06-07T05:04:00+08:00,2025-06-07T05:06:03+08:00,1.5903,103.3608,C,Cloud to Cloud,2025-06-07T05:03:23.13+08:00
2025-06-08 11:18:22,2025-06-07T05:04:00+08:00,2025-06-07T05:06:03+08:00,1.5155,103.463,C,Cloud to Cloud,2025-06-07T05:03:23.13+08:00
2025-06-08 11:18:22,2025-06-07T05:04:00+08:00,2025-06-07T05:06:03+08:00,1.3779,103.6539,C,Cloud to Cloud,2025-06-07T05:03:55.736+08:00
2025-06-08 11:18:22,2025-06-07T05:00:00+08:00,2025-06-07T05:02:02+08:00,1.4718,103.534,C,Cloud to Cloud,2025-06-07T04:59:51.873+08:00
2025-06-08 11:18:22,2025-06-07T04:56:00+08:00,2025-06-07T04:58:02+08:00,1.3953,103.6542,C,Cloud to Cloud,2025-06-07T04:54:25.196+08:00
2025-06-08 11:18:22,2025-06-07T04:54:00+08:00,2025-06-07T04:56:03+08:00,1.6035,103.3431,C,Cloud to Cloud,2025-06-07T04:53:28.078+08:00
2025-06-08 11:18:22,2025-06-07T04:52:00+08:00,2025-06-07T04:54:02+08:00,1.4403,103.5994,C,Cloud to Cloud,2025-06-07T04:50:04.734+08:00
2025-06-08 11:18:22,2025-06-07T04:52:00+08:00,2025-06-07T04:54:02+08:00,1.4841,103.5474,C,Cloud to Cloud,2025-06-07T04:50:04.734+08:00
2025-06-08 11:18:22,2025-06-07T04:52:00+08:00,2025-06-07T04:54:02+08:00,1.4995,103.4897,C,Cloud to Cloud,2025-06-07T04:51:42.948+08:00
2025-06-08 11:18:22,2025-06-07T04:52:00+08:00,2025-06-07T04:54:02+08:00,1.447,103.5699,C,Cloud to Cloud,2025-06-07T04:51:42.948+08:00
2025-06-08 11:18:23,2025-06-07T04:44:00+08:00,2025-06-07T04:46:03+08:00,1.3505,103.6923,C,Cloud to Cloud,2025-06-07T04:42:56.126+08:00
2025-06-08 11:18:23,2025-06-07T04:42:00+08:00,2025-06-07T04:44:02+08:00,1.6311,103.4625,C,Cloud to Cloud,2025-06-07T04:41:52.918+08:00
2025-06-08 11:18:23,2025-06-07T04:32:00+08:00,2025-06-07T04:34:02+08:00,1.4862,103.3665,C,Cloud to Cloud,2025-06-07T04:30:35.754+08:00
2025-06-08 11:18:23,2025-06-07T04:26:00+08:00,2025-06-07T04:28:03+08:00,1.4643,103.4007,C,Cloud to Cloud,2025-06-07T04:25:56.848+08:00
2025-06-08 11:18:23,2025-06-07T04:00:00+08:00,2025-06-07T04:02:03+08:00,1.5713,103.2975,C,Cloud to Cloud,2025-06-07T03:59:59.932+08:00
2025-06-08 11:18:23,2025-06-07T03:48:00+08:00,2025-06-07T03:50:03+08:00,1.4738,103.3704,C,Cloud to Cloud,2025-06-07T03:46:30.894+08:00
